donor_modified_sequence	predicted_rt	width
ADDGRPFPQVIK	83.01504516601562	1
ADEWLMK	82.02770233154297	1
ADWWTNTAHYNR	81.82444763183594	1
AELDNELMEGK	81.81069564819336	1
AELMEISEDK	80.18611526489258	1
AFLIEEQK	81.34561538696289	1
AHQLVMEGYNWC[Common Fixed:Carbamidomethyl on C]HDR	79.31936645507812	1
AHTM[Common Variable:Oxidation on M]TDDVTFWK	81.78219604492188	1
AINQGGLTSVAVR	80.82910919189453	1
ALDAAFYK	80.25394439697266	1
ALGDFDYK	81.21053314208984	1
ALYESELADAR	80.25394439697266	1
ANTFVAELK	81.92736053466797	0.4780181582633078
ASFNHFDKDHGGALGPEEFK	80.25394439697266	1
AYHMVC[Common Fixed:Carbamidomethyl on C]LDPDM[Common Variable:Oxidation on M]EK	79.33203125	1
C[Common Fixed:Carbamidomethyl on C]IFYDTEHLK	82.03628158569336	1
DC[Common Fixed:Carbamidomethyl on C]YLLEEK	80.82910919189453	1
DEESGGGSNPFQHLEK	79.33495330810547	1
DEFSHQVQEWNR	79.7188606262207	1
DGHTWDIGDVQK	81.13920593261719	1
DIQHWESLKPEER	79.95070266723633	1
DISLSDYK	79.87186813354492	1
DLELEQYK	82.56995010375977	1
DLFPYEESKEK	81.82444763183594	1
DNAM[Common Variable:Oxidation on M]LEYLK	81.3464469909668	1
DNSTMGYMMAK	80.42670059204102	1
DSIPSEVDYETR	80.9688606262207	1
DSSLLESDMK	80.42670059204102	1
DVQNFPAATDEKDKFVEK	81.60628128051758	1
EAGDVC[Common Fixed:Carbamidomethyl on C]YADVYR	79.38603210449219	1
EALLSSAVDHGSDEVK	81.34561538696289	1
EAQEAEAFALYHK	81.90295028686523	1
EAQNSHVYWWR	81.7757797241211	0.9071844022248023
EC[Common Fixed:Carbamidomethyl on C]YLEGDQTSLYHAAK	80.90695190429688	1
EDEFSPLK	80.22895431518555	1
EEEC[Common Fixed:Carbamidomethyl on C]HFYAGGQVYPGEASR	80.84028244018555	1
EELEEVIK	80.6631965637207	1
EELLDHLEK	81.78219604492188	1
EEM[Common Variable:Oxidation on M]HLEDSANFIK	79.87186813354492	1
EESESVLTLK	81.88094711303711	1
EEVVLLTHGDSVDK	81.60628128051758	1
EEYQLVQVEQK	81.67986679077148	1
EGVDESFIK	81.34561538696289	1
EHGTDFFDKDGVMK	81.04661560058594	1
EHYMELVYR	83.07887268066406	1
EIDELIK	82.10053253173828	1
ELHSWEPEPDVR	79.95735549926758	1
ELLTLDEKDPR	81.3464469909668	1
ELPEQLQEHAIEDK	81.92736053466797	0.4780181582633078
EPSFDWK	83.07887268066406	1
EQDYLC[Common Fixed:Carbamidomethyl on C]HVYVR	82.02770233154297	1
ESYYQLMK	80.42670059204102	1
ETGEAGWWR	81.82444763183594	1
ETTIDGEELVK	81.60628128051758	1
ETYLDLDSK	82.03628158569336	1
EVGVYEALK	81.78219604492188	1
EYDVPYHIR	79.95735549926758	1
EYGM[Common Variable:Oxidation on M]IYLGK	81.81069564819336	1
EYWM[Common Variable:Oxidation on M]DPEGEMKPGR	81.3464469909668	1
FADFM[Common Variable:Oxidation on M]VK	79.56228256225586	1
FASFIDK	81.90295028686523	1
FDEVLYK	79.95735549926758	1
FDQLLAEEK	80.6631965637207	1
FEAGQFEPSETTAK	79.9507827758789	1
FEDHEGLPTVVK	81.73111724853516	0.9071844022248023
FENNELFAK	80.88236236572266	1
FFEEVNDPAK	82.36537551879883	1
FFYSDQNVDSR	79.37703323364258	1
FGHDWDPTC[Common Fixed:Carbamidomethyl on C]MK	83.07887268066406	1
FGNIC[Common Fixed:Carbamidomethyl on C]VVR	81.3464469909668	1
FGSFTYATTEK	81.3464469909668	1
FGYLEGQEYR	82.07978057861328	1
FLEEHPGGEEVLR	82.03628158569336	1
FLGGDMEHTHLVK	80.09211730957031	1
FLHPEVTETMEK	81.08536529541016	1
FLTGYEVK	81.78219604492188	1
FNLTYVSHDGDDK	80.25394439697266	1
FSELVMK	79.33495330810547	1
FYQASTSELYGK	80.09211730957031	1
GDNIYEWR	80.90695190429688	1
GGAAVDPDSGLEHSAHVLEK	81.13920593261719	1
GSEFMFEK	82.05236053466797	1
GYAFNHSADFETVR	82.02770233154297	1
GYAFVQYSNER	81.04661560058594	1
GYC[Common Fixed:Carbamidomethyl on C]YVEFK	81.7757797241211	0.9071844022248023
GYGFGMVK	81.78219604492188	1
HDDYLVM[Common Variable:Oxidation on M]LK	81.04661560058594	1
HDVGAYM[Common Variable:Oxidation on M]LMYK	79.95735549926758	1
HEKEDGAISTIVLR	79.61611557006836	1
HEVININLK	79.66486358642578	1
HFSGLEEAVYR	81.39861679077148	1
HYLFDVQR	82.03628158569336	1
HYPSIHGDFSNDFR	81.00036239624023	1
IELEETIK	80.87844848632812	1
IFGTDSQYNAYNEK	81.21053314208984	1
IGEGTYGVVYK	80.01004028320312	1
IGVVGGSDFEK	79.31969833374023	1
IIIDKEYYYTK	81.59153366088867	1
IIMGLDK	80.09211730957031	1
IITVEKHPDADSLYVEK	82.03628158569336	1
ILDEIEEHNIK	81.59153366088867	1
ILNPEEIEK	81.21053314208984	1
ILTSWEENDR	79.95735549926758	1
IMEVDYSVSK	81.34561538696289	1
IQVHYYEDGNVQLVSHK	81.7757797241211	0.9071844022248023
IRPGEQEQYESTIGFK	81.68986129760742	1
ISEMALEHELK	80.6631965637207	1
IWDLEGK	81.54887008666992	1
IWGEDLR	81.82444763183594	1
IWNNEDVNLDK	82.95437622070312	1
IYFMAGSSR	82.03628158569336	1
IYYVDHFTR	81.78219604492188	1
KDVDEAYMNK	81.00036239624023	1
KGSLESPATDVFGSTEEGEKR	80.22895431518555	1
KITIADC[Common Fixed:Carbamidomethyl on C]GQLE	80.82910919189453	1
KLLPDDPYEK	80.6631965637207	1
KLPEEEAEC[Common Fixed:Carbamidomethyl on C]YFHSR	79.37703323364258	1
KQEQEAAK	82.10053253173828	1
KQMVIDVLHPGK	81.60628128051758	1
KSADTLWDIQK	81.59153366088867	1
KTLTTVQGIADDYDK	80.01004028320312	1
KVEELEGEITTLNHK	80.93194961547852	1
KYVGFDSWDK	81.55495071411133	1
LAEVEAALEK	80.90695190429688	1
LDADYPLR	80.09211730957031	1
LDEFGEQLSK	80.84028244018555	1
LDHKFDLMYAK	81.59153366088867	1
LDNIYSSDKFYK	81.34561538696289	1
LEDLIVK	82.16586303710938	1
LEPDLYEAC[Common Fixed:Carbamidomethyl on C]K	80.42670059204102	1
LFVDTDADTR	79.95735549926758	1
LGGTC[Common Fixed:Carbamidomethyl on C]VNVGC[Common Fixed:Carbamidomethyl on C]VPK	79.22203063964844	1
LHNQVNGTEWSWK	79.33203125	1
LHTLEEEKEELAQYQK	80.84286117553711	1
LIEDTEDWRPR	81.54887008666992	1
LLAHEIFEK	81.08536529541016	1
LLASADDFGK	80.87844848632812	1
LLHDLQIGEK	79.95735549926758	1
LLPDDPYEK	79.7188606262207	1
LLPLEEHYR	80.09211730957031	1
LLSNDEVTIK	81.04661560058594	1
LLVATSVAAR	81.39861679077148	1
LLVTDM[Common Variable:Oxidation on M]SDAEQYR	80.82910919189453	1
LMELYER	80.84028244018555	1
LMQLMESEQK	81.68986129760742	1
LMVALAK	80.6631965637207	1
LNGWYMEK	80.88236236572266	1
LPDGYEFK	79.9507827758789	1
LQAEIEGLK	81.20137023925781	1
LQIEIGK	81.88094711303711	1
LQLEIDQK	80.90695190429688	1
LQLLEEK	79.14986419677734	1
LQTMKEELDFQK	81.68986129760742	1
LSEDYGVLK	79.14986419677734	1
LTIHGDLYYEGK	82.56995010375977	1
LTPEEEEILNK	82.56995010375977	1
LTPSGYEWGR	79.37703323364258	1
LTVEDLEKER	81.00036239624023	1
LVPLDYGEDDKNATK	79.38603210449219	1
LVQAFQYTDK	80.90695190429688	1
LWNLDSK	83.01504516601562	1
LYDAYELK	79.56228256225586	1
LYEELVER	83.07887268066406	1
MAEQWLQEK	79.71586608886719	1
MDSTNADALYVR	79.61611557006836	1
MESALDQLK	79.9507827758789	1
MFEELGQR	79.37703323364258	1
MLSSAYISDHMK	80.84028244018555	1
MTELYDYPK	80.87844848632812	1
MTVEYVYER	81.88094711303711	1
MWDPHNDPNAQGDAFK	79.37703323364258	1
NAGVEGSLIVEK	81.08536529541016	1
NGQDLGVAFK	79.33203125	1
NLQEVLGEEK	81.55495071411133	1
NLQMWEEM[Common Variable:Oxidation on M]K	80.28936767578125	1
NLQYYDISAK	81.90295028686523	1
NLVPGESVYGEK	80.93194961547852	1
NPDSQYGELIEK	79.27336883544922	1
QAYLDFK	81.34561538696289	1
QLDEGEISTIDK	80.42670059204102	1
QLGLVVC[Common Fixed:Carbamidomethyl on C]R	82.07978057861328	1
QLIC[Common Fixed:Carbamidomethyl on C]DPSYVK	81.39861679077148	1
QVLEGEEIAYK	80.42670059204102	1
RTDLC[Common Fixed:Carbamidomethyl on C]DHALHISHDEL	79.95735549926758	1
SFDVNKPGC[Common Fixed:Carbamidomethyl on C]EVDDLK	82.95437622070312	1
SGDSEVYQLGDVSQK	82.03628158569336	1
SGVSLAALK	80.93194961547852	1
SIQEIQELDKDDESLRK	81.54887008666992	1
SLIEEGGDWDRR	79.87186813354492	1
SSEVFTTFK	82.07978057861328	1
SSHYDELLAAEAR	79.33495330810547	1
SWHDVQVSSAYVK	80.93194961547852	1
SYSFDEIR	81.39861679077148	1
TGISHGHTVYVVHDGFEGLAK	81.78219604492188	1
THDMFVADNGKPVPLDEESHK	79.37703323364258	1
TIDDLEDKLK	82.07978057861328	1
TIGISVDPR	83.07887268066406	1
TIIFC[Common Fixed:Carbamidomethyl on C]ETK	79.31936645507812	1
TKEQILEEFSK	81.39861679077148	1
TKPYIQVDIGGGQTK	80.88236236572266	1
TYLEEELTK	81.55495071411133	1
VAEVLNDPENMEK	80.82910919189453	1
VAVEEVDEEGKFVR	81.00036239624023	1
VFQGTDEQLNDLYHNHQR	82.07978057861328	1
VFVGGDDFK	81.04661560058594	1
VHSPSGAVEEC[Common Fixed:Carbamidomethyl on C]HVSELEPDKYAVR	80.93194961547852	1
VIEEQLEPAVEK	82.03628158569336	1
VITIMQNPR	79.33495330810547	1
VKELEEQLENETLHK	79.9507827758789	1
VKGEEIYSMDEGIR	80.88236236572266	1
VLELDSVK	80.90695190429688	1
VLFSSNGGVVK	81.82444763183594	1
VQEYC[Common Fixed:Carbamidomethyl on C]YDNIHFM[Common Variable:Oxidation on M]K	81.68986129760742	1
VQQLLHIC[Common Fixed:Carbamidomethyl on C]SEHFDSK	83.07887268066406	1
VQSEEMLEDKWR	79.95735549926758	1
VSDGDWIC[Common Fixed:Carbamidomethyl on C]PDK	82.03628158569336	1
VSQWWER	79.7188606262207	1
VSVEFEGYR	82.10053253173828	1
VSYYENVIK	80.6631965637207	1
VVDLMAHMASK	82.03628158569336	1
VWDYAGDNYVHR	79.22203063964844	1
VYQWDDPDPR	79.37703323364258	1
WMGGAELSDDGR	81.34561538696289	1
WVIYNDQK	79.68294906616211	1
YADLLEESR	80.82910919189453	1
YDDISLPK	81.04661560058594	1
YDEC[Common Fixed:Carbamidomethyl on C]LAVYR	79.31969833374023	1
YDEVLHMVR	81.81069564819336	1
YEDIC[Common Fixed:Carbamidomethyl on C]PSTHNM[Common Variable:Oxidation on M]DVPNIK	80.01004028320312	1
YELQLANPK	81.60628128051758	1
YGVSGYPTLK	81.68986129760742	1
YHPLFGNQEELDK	81.19752883911133	1
YKVDFIEEK	80.01004028320312	1
YLAEFATGNDR	81.00036239624023	1
YLDEIVK	81.81069564819336	1
YLEC[Common Fixed:Carbamidomethyl on C]SALQQDGVK	79.22203063964844	1
YLGQDYEQLR	81.92736053466797	0.4780181582633078
YNDTFWK	81.78219604492188	1
YPDPLIK	82.02770233154297	1
YPLFEGQETGK	81.88094711303711	1
YPNAELAWC[Common Fixed:Carbamidomethyl on C]QEEHK	81.55495071411133	1
YQVSWSLDHK	81.54887008666992	1
YSLYEVHVSGER	80.82910919189453	1
YYIAASYVK	81.54887008666992	1
YYLNDLDR	81.68986129760742	1
