donor_modified_sequence	donor_apex_rt	acceptor_apex_rt	rt_diff	donor_peakfinding_mass
LGGTC[Common Fixed:Carbamidomethyl on C]VNVGC[Common Fixed:Carbamidomethyl on C]VPK	79.08135223388672	79.25286102294922	0.1715087890625	1359.66389
VWDYAGDNYVHR	79.08135223388672	79.12120056152344	0.03984832763671875	1493.66878
AHQLVMEGYNWC[Common Fixed:Carbamidomethyl on C]HDR	79.1786880493164	80.05802917480469	0.8793411254882812	1915.8281284340553
SSHYDELLAAEAR	79.24468994140625	79.38536834716797	0.14067840576171875	1460.68957
VITIMQNPR	79.24468994140625	79.12120056152344	-0.1234893798828125	1070.59065
AYHMVC[Common Fixed:Carbamidomethyl on C]LDPDM[Common Variable:Oxidation on M]EK	79.30785369873047	79.81053161621094	0.5026779174804688	1623.67314
LVPLDYGEDDKNATK	79.36185455322266	79.25286102294922	-0.1089935302734375	1676.82573
MWDPHNDPNAQGDAFK	79.47769165039062	79.38536834716797	-0.09232330322265625	1841.7791299999997
KLPEEEAEC[Common Fixed:Carbamidomethyl on C]YFHSR	79.47769165039062	80.05802917480469	0.5803375244140625	1793.8042799999998
LTPSGYEWGR	79.47769165039062	79.38536834716797	-0.09232330322265625	1164.5563699999998
VSQWWER	79.60685729980469	79.31952667236328	-0.28733062744140625	989.4719099999999
LLPDDPYEK	79.60685729980469	79.03986358642578	-0.5669937133789062	1088.53899
YKVDFIEEK	79.79920196533203	80.25569915771484	0.4564971923828125	1169.59684
YEDIC[Common Fixed:Carbamidomethyl on C]PSTHNM[Common Variable:Oxidation on M]DVPNIK	79.79920196533203	80.05802917480469	0.25882720947265625	2048.900780534963
ELHSWEPEPDVR	79.84535217285156	79.81053161621094	-0.034820556640625	1492.6946599999999
LLHDLQIGEK	79.84535217285156	80.47103118896484	0.6256790161132812	1164.6502699999999
RTDLC[Common Fixed:Carbamidomethyl on C]DHALHISHDEL	79.84535217285156	80.77552795410156	0.93017578125	1931.8983375257437
VQSEEMLEDKWR	79.84535217285156	79.81053161621094	-0.034820556640625	1548.7242399999996
KGSLESPATDVFGSTEEGEKR	79.93352508544922	80.72303009033203	0.7895050048828125	2224.068399879635
MESALDQLK	79.97835540771484	79.31952667236328	-0.6588287353515625	1033.5114
LPDGYEFK	79.97835540771484	79.88953399658203	-0.0888214111328125	967.4650999999999
HEVININLK	80.03868865966797	81.02953338623047	0.9908447265625	1078.6134899999997
FYQASTSELYGK	80.14669036865234	80.1263656616211	-0.02032470703125	1392.6561499999998
LDADYPLR	80.14669036865234	79.31952667236328	-0.8271636962890625	961.4868999999999
IIMGLDK	80.14669036865234	79.38536834716797	-0.761322021484375	788.44661
LYDAYELK	80.20352172851562	80.19269561767578	-0.01082611083984375	1013.5069599999999
FADFM[Common Variable:Oxidation on M]VK	80.20352172851562	79.68236541748047	-0.5211563110351562	872.41023
EEM[Common Variable:Oxidation on M]HLEDSANFIK	80.266357421875	80.19269561767578	-0.07366180419921875	1577.7031699999998
DISLSDYK	80.266357421875	79.03986358642578	-1.2264938354492188	939.45493
FNLTYVSHDGDDK	80.32585144042969	80.25569915771484	-0.07015228271484375	1509.67359
ALDAAFYK	80.32585144042969	80.05802917480469	-0.267822265625	897.4596199999999
ASFNHFDKDHGGALGPEEFK	80.32585144042969	81.15436553955078	0.8285140991210938	2203.0159116459
ALYESELADAR	80.32585144042969	80.00686645507812	-0.3189849853515625	1236.59863
DIQHWESLKPEER	80.38685607910156	80.66802978515625	0.2811737060546875	1665.81108
DNSTMGYMMAK	80.50435638427734	79.38536834716797	-1.118988037109375	1247.4984699999995
QLDEGEISTIDK	80.50435638427734	79.74786376953125	-0.7564926147460938	1346.65654
LEPDLYEAC[Common Fixed:Carbamidomethyl on C]K	80.50435638427734	79.95103454589844	-0.5533218383789062	1236.56964
ESYYQLMK	80.50435638427734	80.66802978515625	0.16367340087890625	1060.4899299999997
QVLEGEEIAYK	80.50435638427734	80.33403015136719	-0.17032623291015625	1277.65033
NLQMWEEM[Common Variable:Oxidation on M]K	80.55402374267578	80.72303009033203	0.16900634765625	1223.53148
KLLPDDPYEK	80.61468505859375	80.60336303710938	-0.011322021484375	1216.6339499999997
EELEEVIK	80.61468505859375	80.19269561767578	-0.42198944091796875	987.5124399999997
FDQLLAEEK	80.61468505859375	80.25569915771484	-0.35898590087890625	1091.54989
LMVALAK	80.61468505859375	80.72303009033203	0.10834503173828125	744.45678
KVEELEGEITTLNHK	80.66535186767578	81.40519714355469	0.7398452758789062	1738.91013
SWHDVQVSSAYVK	80.66535186767578	81.09020233154297	0.4248504638671875	1504.73104
SGVSLAALK	80.66535186767578	81.34136199951172	0.6760101318359375	844.50182
GGAAVDPDSGLEHSAHVLEK	80.76435852050781	81.2860336303711	0.5216751098632812	1988.9627762099012
LQAEIEGLK	80.82652282714844	80.60336303710938	-0.2231597900390625	999.5600600000001
ILNPEEIEK	80.88568878173828	80.77552795410156	-0.11016082763671875	1083.58119
VKGEEIYSMDEGIR	80.96118927001953	81.2860336303711	0.3248443603515625	1624.7766699999995
TKPYIQVDIGGGQTK	80.96118927001953	81.2860336303711	0.3248443603515625	1603.85697
FENNELFAK	80.96118927001953	80.89969635009766	-0.061492919921875	1110.5345699999998
LDEFGEQLSK	81.01019287109375	80.33403015136719	-0.6761627197265625	1164.56627
EEEC[Common Fixed:Carbamidomethyl on C]HFYAGGQVYPGEASR	81.01019287109375	80.96269989013672	-0.04749298095703125	2185.919937451088
LMELYER	81.01019287109375	80.72303009033203	-0.28716278076171875	952.4687999999999
LHTLEEEKEELAQYQK	81.06218719482422	81.55653381347656	0.49434661865234375	1987.9927645377975
LVQAFQYTDK	81.1230239868164	80.84469604492188	-0.27832794189453125	1211.61864
EC[Common Fixed:Carbamidomethyl on C]YLEGDQTSLYHAAK	81.1230239868164	81.2860336303711	0.1630096435546875	1883.8359799999998
GDNIYEWR	81.1230239868164	80.96269989013672	-0.1603240966796875	1051.4723099999999
DSIPSEVDYETR	81.18818664550781	79.95103454589844	-1.237152099609375	1409.63105
KITIADC[Common Fixed:Carbamidomethyl on C]GQLE	81.2440185546875	81.09020233154297	-0.15381622314453125	1246.6227399999998
YADLLEESR	81.2440185546875	80.05802917480469	-1.1859893798828125	1094.5244000000002
LLVTDM[Common Variable:Oxidation on M]SDAEQYR	81.2440185546875	80.47103118896484	-0.7729873657226562	1555.7188199999998
MTELYDYPK	81.2933578491211	81.02953338623047	-0.263824462890625	1158.5267099999999
IELEETIK	81.2933578491211	80.96269989013672	-0.330657958984375	973.53318
VFVGGDDFK	81.34385681152344	80.84469604492188	-0.4991607666015625	982.476
HDDYLVM[Common Variable:Oxidation on M]LK	81.34385681152344	81.2860336303711	-0.05782318115234375	1148.5536
YLAEFATGNDR	81.39552307128906	80.89969635009766	-0.49582672119140625	1255.5833200000002
LTVEDLEKER	81.39552307128906	81.40519714355469	0.009674072265625	1230.64558
HYPSIHGDFSNDFR	81.39552307128906	82.97769927978516	1.5821762084960938	1690.7488200000005
WMGGAELSDDGR	81.50985717773438	80.19269561767578	-1.3171615600585938	1292.54555
EALLSSAVDHGSDEVK	81.50985717773438	81.21536254882812	-0.29449462890625	1655.80024
EGVDESFIK	81.50985717773438	80.72303009033203	-0.7868270874023438	1022.4920399999999
AFLIEEQK	81.50985717773438	81.2860336303711	-0.22382354736328125	976.5229499999999
QAYLDFK	81.50985717773438	81.40519714355469	-0.1046600341796875	883.44397
HFSGLEEAVYR	81.56285858154297	81.55653381347656	-0.00632476806640625	1306.6305999999997
TKEQILEEFSK	81.56285858154297	81.7531967163086	0.190338134765625	1350.7031
QLIC[Common Fixed:Carbamidomethyl on C]DPSYVK	81.56285858154297	81.21536254882812	-0.34749603271484375	1221.60636
AHTM[Common Variable:Oxidation on M]TDDVTFWK	81.62085723876953	81.7531967163086	0.1323394775390625	1466.6500199999998
EELLDHLEK	81.62085723876953	81.34136199951172	-0.2794952392578125	1124.5713499999997
GYGFGMVK	81.62085723876953	81.68470001220703	0.0638427734375	857.41056
YNDTFWK	81.62085723876953	81.82302856445312	0.20217132568359375	972.43413
IRPGEQEQYESTIGFK	81.7266845703125	82.70736694335938	0.980682373046875	1881.929740671958
YYLNDLDR	81.7266845703125	81.34136199951172	-0.38532257080078125	1070.5032699999997
EEYQLVQVEQK	81.77185821533203	81.34136199951172	-0.4304962158203125	1391.69326
ETTIDGEELVK	81.82218933105469	81.15436553955078	-0.6678237915039062	1232.61361
YELQLANPK	81.82218933105469	81.68470001220703	-0.13748931884765625	1074.5709600000002
YYIAASYVK	81.86952209472656	81.82302856445312	-0.0464935302734375	1076.55425
SIQEIQELDKDDESLRK	81.86952209472656	82.8311996459961	0.9616775512695312	2046.030557698066
ILDEIEEHNIK	81.91218566894531	82.64136505126953	0.7291793823242188	1351.69835
YLDEIVK	81.95885467529297	81.34136199951172	-0.61749267578125	878.4749299999999
AELDNELMEGK	81.95885467529297	81.45503997802734	-0.503814697265625	1247.57037
EYGM[Common Variable:Oxidation on M]IYLGK	81.95885467529297	81.40519714355469	-0.5536575317382812	1088.52123
NLQEVLGEEK	82.00302124023438	81.7531967163086	-0.24982452392578125	1157.59282
GYC[Common Fixed:Carbamidomethyl on C]YVEFK	82.09685516357422	82.64136505126953	0.5445098876953125	1064.46372
DLFPYEESKEK	82.14552307128906	81.95670318603516	-0.18881988525390625	1383.65581
IWGEDLR	82.14552307128906	81.7531967163086	-0.39232635498046875	887.4501199999999
YPLFEGQETGK	82.19935607910156	81.95670318603516	-0.24265289306640625	1267.60847
LQIEIGK	82.19935607910156	80.72303009033203	-1.4763259887695312	799.48035
NLQYYDISAK	82.24385833740234	81.89419555664062	-0.34966278076171875	1213.5979
FASFIDK	82.24385833740234	81.95670318603516	-0.2871551513671875	826.4225
YLGQDYEQLR	82.28885650634766	82.01569366455078	-0.273162841796875	1283.61462
ANTFVAELK	82.28885650634766	81.95670318603516	-0.3321533203125	991.53385
YPDPLIK	82.33735656738281	81.95670318603516	-0.38065338134765625	844.46945
SGDSEVYQLGDVSQK	82.38902282714844	81.89419555664062	-0.4948272705078125	1610.7423899999997
IYFMAGSSR	82.38902282714844	82.01569366455078	-0.37332916259765625	1030.4906
FLEEHPGGEEVLR	82.38902282714844	82.97769927978516	0.5886764526367188	1510.74161
FFEEVNDPAK	82.48052978515625	81.95670318603516	-0.5238265991210938	1194.5557
TIDDLEDKLK	82.52835845947266	82.97769927978516	0.4493408203125	1188.62378
LTPEEEEILNK	82.7603530883789	82.90337371826172	0.1430206298828125	1313.67146
DLELEQYK	82.7603530883789	81.82302856445312	-0.9373245239257812	1036.50769
LTIHGDLYYEGK	82.7603530883789	81.95670318603516	-0.80364990234375	1407.70343
